customer_id,first_name,last_name,full_name,email,phone,address,city,state,segment,registration_date
C000001,Sarah,Smith,Sarah Smith,sarah.smith1@email.com,(450) 428-3286,1779 Main St,Dallas,TX,Basic,2025-04-02
C000002,John,Williams,John Williams,john.williams2@email.com,(438) 717-1434,9295 Oak Ave,San Antonio,TX,Basic,2024-09-21
C000003,William,Jackson,William Jackson,william.jackson3@email.com,(206) 977-3615,7024 Pine St,Dallas,TX,Standard,2024-11-26
C000004,Robert,Hernandez,Robert Hernandez,robert.hernandez4@email.com,(294) 589-2584,5981 Pine St,Houston,TX,Standard,2025-03-21
C000005,William,Moore,William Moore,william.moore5@email.com,(587) 280-5803,6025 Oak Ave,Houston,TX,VIP,2025-03-19
C000006,Mary,Martinez,Mary Martinez,mary.martinez6@email.com,(438) 303-7227,4654 Elm Ave,Chicago,IL,Standard,2024-11-19
C000007,Patricia,Lopez,Patricia Lopez,patricia.lopez7@email.com,(886) 473-2169,2903 Oak Ave,San Antonio,TX,Premium,2024-01-17
C000008,Michael,Rodriguez,Michael Rodriguez,michael.rodriguez8@email.com,(424) 901-6313,1016 Oak Ave,Seattle,WA,VIP,2024-06-15
C000009,Michael,Rodriguez,Michael Rodriguez,michael.rodriguez9@email.com,(416) 780-6155,3583 Elm Ave,Chicago,IL,Basic,2023-07-16
C000010,William,Jones,William Jones,william.jones10@email.com,(342) 452-9830,4404 Elm Ave,Dallas,TX,Basic,2024-04-29
C000011,Mary,Jones,Mary Jones,mary.jones11@email.com,(705) 293-1771,1896 Oak Ave,Indianapolis,IN,Premium,2023-06-08
C000012,Linda,Martin,Linda Martin,linda.martin12@email.com,(594) 590-8668,8769 Pine St,Chicago,IL,VIP,2023-06-08
C000013,Sarah,Moore,Sarah Moore,sarah.moore13@email.com,(987) 856-6573,1927 Pine St,Dallas,TX,Basic,2024-11-24
C000014,William,Smith,William Smith,william.smith14@email.com,(712) 980-3927,8417 Main St,Dallas,TX,Standard,2023-07-20
C000015,Richard,Martin,Richard Martin,richard.martin15@email.com,(356) 582-3646,8937 Main St,San Antonio,TX,Standard,2023-12-21
C000016,John,Brown,John Brown,john.brown16@email.com,(514) 445-1949,4046 Main St,Jacksonville,FL,VIP,2023-12-24
C000017,Mike,Moore,Mike Moore,mike.moore17@email.com,(331) 875-8787,9107 Oak Ave,Phoenix,AZ,Standard,2023-11-11
C000018,Susan,Wilson,Susan Wilson,susan.wilson18@email.com,(752) 973-4295,5207 Elm Ave,San Antonio,TX,Standard,2024-02-11
C000019,Richard,Anderson,Richard Anderson,richard.anderson19@email.com,(453) 430-2049,5639 Main St,Houston,TX,Premium,2023-09-10
C000020,Mary,Smith,Mary Smith,mary.smith20@email.com,(924) 846-1964,3850 Main St,Chicago,IL,VIP,2024-05-31
C000021,Mike,Taylor,Mike Taylor,mike.taylor21@email.com,(485) 885-8953,3610 Oak Ave,San Diego,CA,Basic,2024-08-29
C000022,Elizabeth,Wilson,Elizabeth Wilson,elizabeth.wilson22@email.com,(296) 299-8062,5904 Elm Ave,San Antonio,TX,Basic,2024-01-12
C000023,Jane,Brown,Jane Brown,jane.brown23@email.com,(612) 945-6559,1890 Oak Ave,Los Angeles,CA,Premium,2024-10-22
C000024,Barbara,Anderson,Barbara Anderson,barbara.anderson24@email.com,(632) 387-5563,7679 Oak Ave,Phoenix,AZ,VIP,2024-02-06
C000025,Barbara,Brown,Barbara Brown,barbara.brown25@email.com,(867) 753-1241,1628 Oak Ave,Los Angeles,CA,Premium,2024-03-14
C000026,Elizabeth,Thomas,Elizabeth Thomas,elizabeth.thomas26@email.com,(610) 260-3697,6309 Main St,San Antonio,TX,Basic,2024-08-06
C000027,William,Martinez,William Martinez,william.martinez27@email.com,(913) 948-8973,2636 Oak Ave,Columbus,OH,Standard,2024-09-24
C000028,Jane,Jackson,Jane Jackson,jane.jackson28@email.com,(262) 965-6138,1036 Main St,Seattle,WA,Basic,2023-12-07
C000029,Richard,Garcia,Richard Garcia,richard.garcia29@email.com,(720) 282-4044,1222 Main St,Los Angeles,CA,Premium,2024-03-17
C000030,Sarah,Jackson,Sarah Jackson,sarah.jackson30@email.com,(792) 808-1651,1443 Elm Ave,San Diego,CA,Standard,2024-08-10
C000031,Robert,Hernandez,Robert Hernandez,robert.hernandez31@email.com,(471) 605-3144,5015 Elm Ave,San Diego,CA,Standard,2025-02-19
C000032,John,Anderson,John Anderson,john.anderson32@email.com,(275) 750-4492,8388 Pine St,Houston,TX,Premium,2024-05-12
C000033,Mike,Davis,Mike Davis,mike.davis33@email.com,(491) 361-8179,9000 Pine St,Jacksonville,FL,VIP,2023-06-21
C000034,Barbara,Martinez,Barbara Martinez,barbara.martinez34@email.com,(337) 470-2891,1853 Oak Ave,Houston,TX,Standard,2024-07-20
C000035,Susan,Miller,Susan Miller,susan.miller35@email.com,(408) 903-5325,8380 Elm Ave,Austin,TX,Standard,2025-03-13
C000036,Mike,Wilson,Mike Wilson,mike.wilson36@email.com,(245) 203-6464,2243 Pine St,Dallas,TX,Premium,2024-02-07
C000037,Barbara,Wilson,Barbara Wilson,barbara.wilson37@email.com,(209) 314-2232,2542 Main St,Seattle,WA,Standard,2023-09-16
C000038,Barbara,Jones,Barbara Jones,barbara.jones38@email.com,(330) 242-6050,6074 Main St,Columbus,OH,Standard,2024-10-01
C000039,Mary,Brown,Mary Brown,mary.brown39@email.com,(998) 773-7658,2632 Oak Ave,Jacksonville,FL,Premium,2024-11-04
C000040,Linda,Smith,Linda Smith,linda.smith40@email.com,(954) 540-7745,4165 Pine St,Philadelphia,PA,Premium,2025-01-14
C000041,Michael,Johnson,Michael Johnson,michael.johnson41@email.com,(427) 404-8541,5828 Pine St,San Francisco,CA,Premium,2024-09-18
C000042,John,Miller,John Miller,john.miller42@email.com,(536) 485-2137,4673 Pine St,Fort Worth,TX,Basic,2023-06-09
C000043,Barbara,Hernandez,Barbara Hernandez,barbara.hernandez43@email.com,(318) 467-3925,9612 Pine St,New York,NY,VIP,2025-01-13
C000044,Susan,Wilson,Susan Wilson,susan.wilson44@email.com,(946) 521-8149,8479 Main St,Jacksonville,FL,Basic,2023-09-22
C000045,Robert,Rodriguez,Robert Rodriguez,robert.rodriguez45@email.com,(925) 646-1027,8618 Oak Ave,Los Angeles,CA,Standard,2024-02-18
C000046,Mike,Hernandez,Mike Hernandez,mike.hernandez46@email.com,(879) 327-5920,8408 Pine St,Austin,TX,Basic,2024-06-04
C000047,Michael,Martinez,Michael Martinez,michael.martinez47@email.com,(330) 396-7888,6311 Oak Ave,Seattle,WA,Standard,2024-03-15
C000048,Barbara,Smith,Barbara Smith,barbara.smith48@email.com,(493) 415-8043,9602 Pine St,San Jose,CA,Basic,2024-02-07
C000049,William,Miller,William Miller,william.miller49@email.com,(684) 953-3780,1489 Pine St,Indianapolis,IN,Standard,2025-01-29
C000050,Mary,Martinez,Mary Martinez,mary.martinez50@email.com,(403) 350-1400,857 Oak Ave,San Diego,CA,Basic,2023-08-18
C000051,Mike,Anderson,Mike Anderson,mike.anderson51@email.com,(844) 789-4185,6391 Elm Ave,Columbus,OH,Basic,2024-08-28
C000052,David,Smith,David Smith,david.smith52@email.com,(997) 635-4585,2981 Elm Ave,Houston,TX,VIP,2023-10-12
C000053,Mary,Brown,Mary Brown,mary.brown53@email.com,(336) 675-9702,9257 Pine St,Charlotte,NC,Basic,2023-08-16
C000054,Richard,Wilson,Richard Wilson,richard.wilson54@email.com,(656) 362-8777,7473 Pine St,Seattle,WA,Premium,2023-07-22
C000055,James,Taylor,James Taylor,james.taylor55@email.com,(841) 444-5499,7306 Main St,San Francisco,CA,Standard,2024-09-06
C000056,James,Hernandez,James Hernandez,james.hernandez56@email.com,(753) 282-3267,2571 Oak Ave,Austin,TX,Basic,2024-11-29
C000057,Robert,Williams,Robert Williams,robert.williams57@email.com,(617) 538-9890,7733 Elm Ave,Columbus,OH,VIP,2024-10-05
C000058,Linda,Gonzalez,Linda Gonzalez,linda.gonzalez58@email.com,(983) 789-7232,7914 Main St,New York,NY,Standard,2024-07-03
C000059,Michael,Wilson,Michael Wilson,michael.wilson59@email.com,(965) 952-9947,9983 Oak Ave,Seattle,WA,Basic,2024-09-22
C000060,James,Wilson,James Wilson,james.wilson60@email.com,(229) 598-6507,6724 Oak Ave,San Francisco,CA,Basic,2024-12-25
C000061,Susan,Moore,Susan Moore,susan.moore61@email.com,(603) 806-1444,1475 Elm Ave,New York,NY,Premium,2024-01-18
C000062,Lisa,Johnson,Lisa Johnson,lisa.johnson62@email.com,(588) 535-4467,7549 Pine St,Dallas,TX,Standard,2024-04-11
C000063,James,Wilson,James Wilson,james.wilson63@email.com,(283) 681-1317,8937 Main St,Dallas,TX,Standard,2024-09-17
C000064,Mike,Johnson,Mike Johnson,mike.johnson64@email.com,(453) 404-1333,2596 Oak Ave,New York,NY,Premium,2024-01-06
C000065,Sarah,Jackson,Sarah Jackson,sarah.jackson65@email.com,(676) 916-5198,6143 Oak Ave,San Antonio,TX,VIP,2024-11-18
C000066,Jennifer,Brown,Jennifer Brown,jennifer.brown66@email.com,(519) 789-7149,6598 Oak Ave,New York,NY,VIP,2023-09-06
C000067,Mary,Brown,Mary Brown,mary.brown67@email.com,(900) 814-2983,9372 Main St,San Jose,CA,Standard,2023-11-06
C000068,Linda,Lopez,Linda Lopez,linda.lopez68@email.com,(718) 863-6590,307 Elm Ave,Chicago,IL,Basic,2025-01-16
C000069,Linda,Lopez,Linda Lopez,linda.lopez69@email.com,(924) 356-8135,2985 Pine St,Charlotte,NC,Basic,2024-01-14
C000070,Linda,Jackson,Linda Jackson,linda.jackson70@email.com,(530) 451-2419,4669 Elm Ave,Dallas,TX,Premium,2024-01-15
C000071,Joseph,Martin,Joseph Martin,joseph.martin71@email.com,(544) 229-9098,5425 Oak Ave,Fort Worth,TX,Basic,2024-09-29
C000072,Patricia,Rodriguez,Patricia Rodriguez,patricia.rodriguez72@email.com,(486) 810-5526,9206 Main St,Austin,TX,Premium,2025-02-06
C000073,Mary,Wilson,Mary Wilson,mary.wilson73@email.com,(768) 976-4937,7900 Elm Ave,San Francisco,CA,Basic,2025-04-17
C000074,Mike,Martinez,Mike Martinez,mike.martinez74@email.com,(614) 908-4986,5116 Pine St,San Diego,CA,Basic,2023-10-16
C000075,Richard,Lopez,Richard Lopez,richard.lopez75@email.com,(963) 763-6419,5864 Elm Ave,Columbus,OH,Standard,2024-06-25
C000076,James,Davis,James Davis,james.davis76@email.com,(938) 397-6169,2058 Oak Ave,Houston,TX,Premium,2024-09-25
C000077,Elizabeth,Rodriguez,Elizabeth Rodriguez,elizabeth.rodriguez77@email.com,(811) 489-2647,3280 Pine St,Indianapolis,IN,Premium,2024-04-30
C000078,Lisa,Martinez,Lisa Martinez,lisa.martinez78@email.com,(925) 746-3073,4594 Main St,New York,NY,VIP,2023-10-16
C000079,Jennifer,Jones,Jennifer Jones,jennifer.jones79@email.com,(305) 212-5658,7790 Elm Ave,San Francisco,CA,Basic,2024-05-21
C000080,Lisa,Johnson,Lisa Johnson,lisa.johnson80@email.com,(689) 316-2070,6665 Elm Ave,Dallas,TX,VIP,2023-09-22
C000081,Jane,Jones,Jane Jones,jane.jones81@email.com,(776) 511-2395,4166 Main St,Phoenix,AZ,Basic,2023-08-23
C000082,Susan,Martin,Susan Martin,susan.martin82@email.com,(994) 735-7232,7481 Elm Ave,San Diego,CA,Standard,2023-09-10
C000083,Linda,Martinez,Linda Martinez,linda.martinez83@email.com,(824) 957-2625,3504 Oak Ave,Los Angeles,CA,Standard,2023-06-28
C000084,Mike,Garcia,Mike Garcia,mike.garcia84@email.com,(377) 765-2229,2664 Main St,San Diego,CA,Basic,2024-01-29
C000085,Susan,Thomas,Susan Thomas,susan.thomas85@email.com,(233) 437-5720,4732 Elm Ave,San Jose,CA,VIP,2024-09-07
C000086,James,Jackson,James Jackson,james.jackson86@email.com,(635) 317-9922,3783 Oak Ave,San Antonio,TX,Standard,2024-12-10
C000087,Mike,Johnson,Mike Johnson,mike.johnson87@email.com,(514) 809-5728,7295 Main St,Philadelphia,PA,Basic,2024-06-27
C000088,Michael,Rodriguez,Michael Rodriguez,michael.rodriguez88@email.com,(752) 705-8172,1417 Main St,Indianapolis,IN,Basic,2024-06-08
C000089,Susan,Rodriguez,Susan Rodriguez,susan.rodriguez89@email.com,(293) 434-1339,4515 Main St,New York,NY,Premium,2024-01-09
C000090,Richard,Anderson,Richard Anderson,richard.anderson90@email.com,(385) 799-8141,8156 Main St,Dallas,TX,Basic,2024-05-13
C000091,Linda,Hernandez,Linda Hernandez,linda.hernandez91@email.com,(886) 307-3634,5503 Elm Ave,Austin,TX,Basic,2024-07-13
C000092,Michael,Moore,Michael Moore,michael.moore92@email.com,(665) 290-6153,4235 Pine St,Los Angeles,CA,VIP,2024-03-17
C000093,Richard,Smith,Richard Smith,richard.smith93@email.com,(673) 623-1888,3173 Pine St,Seattle,WA,Basic,2023-08-03
C000094,William,Johnson,William Johnson,william.johnson94@email.com,(473) 762-3146,4819 Elm Ave,San Antonio,TX,Basic,2024-12-31
C000095,John,Martin,John Martin,john.martin95@email.com,(926) 362-6091,9124 Main St,San Diego,CA,Basic,2025-01-29
C000096,Mary,Brown,Mary Brown,mary.brown96@email.com,(320) 863-3522,8265 Pine St,Charlotte,NC,Standard,2024-03-05
C000097,Elizabeth,Thomas,Elizabeth Thomas,elizabeth.thomas97@email.com,(667) 764-3369,6384 Oak Ave,San Diego,CA,Premium,2025-02-22
C000098,James,Wilson,James Wilson,james.wilson98@email.com,(719) 473-1042,4734 Pine St,Austin,TX,Basic,2024-12-03
C000099,William,Moore,William Moore,william.moore99@email.com,(553) 540-9903,6280 Elm Ave,San Francisco,CA,Standard,2024-10-23
C000100,Mary,Jackson,Mary Jackson,mary.jackson100@email.com,(439) 994-7730,815 Pine St,Fort Worth,TX,Basic,2024-04-09
C000101,Michael,Jones,Michael Jones,michael.jones101@email.com,(237) 329-9229,9769 Pine St,San Francisco,CA,VIP,2024-02-09
C000102,Sarah,Taylor,Sarah Taylor,sarah.taylor102@email.com,(215) 939-3361,6817 Oak Ave,Charlotte,NC,VIP,2024-01-10
C000103,James,Hernandez,James Hernandez,james.hernandez103@email.com,(865) 282-6383,8842 Elm Ave,Fort Worth,TX,Standard,2023-08-02
C000104,Elizabeth,Moore,Elizabeth Moore,elizabeth.moore104@email.com,(832) 270-4846,4808 Oak Ave,Los Angeles,CA,VIP,2024-02-15
C000105,Sarah,Brown,Sarah Brown,sarah.brown105@email.com,(370) 910-5906,574 Main St,Charlotte,NC,Standard,2025-03-08
C000106,Jennifer,Lopez,Jennifer Lopez,jennifer.lopez106@email.com,(641) 349-5000,8802 Elm Ave,Jacksonville,FL,Premium,2024-11-11
C000107,Lisa,Williams,Lisa Williams,lisa.williams107@email.com,(834) 899-4945,8253 Oak Ave,Fort Worth,TX,Premium,2024-01-18
C000108,James,Anderson,James Anderson,james.anderson108@email.com,(882) 209-8622,4812 Oak Ave,Dallas,TX,VIP,2024-02-07
C000109,Patricia,Jackson,Patricia Jackson,patricia.jackson109@email.com,(854) 634-5097,7584 Pine St,San Jose,CA,Premium,2024-04-06
C000110,Elizabeth,Brown,Elizabeth Brown,elizabeth.brown110@email.com,(590) 785-6881,9517 Pine St,San Diego,CA,Standard,2025-04-12
C000111,Michael,Rodriguez,Michael Rodriguez,michael.rodriguez111@email.com,(779) 902-1803,8238 Pine St,New York,NY,Premium,2023-08-22
C000112,Patricia,Davis,Patricia Davis,patricia.davis112@email.com,(835) 456-3240,1691 Main St,San Antonio,TX,Standard,2024-02-08
C000113,Jane,Jackson,Jane Jackson,jane.jackson113@email.com,(949) 334-2476,4935 Pine St,Jacksonville,FL,Basic,2024-11-06
C000114,Robert,Jones,Robert Jones,robert.jones114@email.com,(574) 743-9221,4565 Oak Ave,Seattle,WA,Standard,2023-12-28
C000115,Jennifer,Hernandez,Jennifer Hernandez,jennifer.hernandez115@email.com,(679) 277-3306,3796 Elm Ave,Houston,TX,Standard,2025-02-01
C000116,Michael,Smith,Michael Smith,michael.smith116@email.com,(749) 326-8451,6138 Pine St,Dallas,TX,Basic,2023-07-21
C000117,Patricia,Brown,Patricia Brown,patricia.brown117@email.com,(682) 225-6374,3726 Main St,San Diego,CA,Basic,2024-06-29
C000118,Linda,Brown,Linda Brown,linda.brown118@email.com,(246) 238-5986,8171 Main St,Phoenix,AZ,VIP,2024-09-06
C000119,Barbara,Jones,Barbara Jones,barbara.jones119@email.com,(664) 579-9850,6966 Oak Ave,Fort Worth,TX,Basic,2023-07-04
C000120,Sarah,Thomas,Sarah Thomas,sarah.thomas120@email.com,(486) 233-7070,3659 Elm Ave,Columbus,OH,Basic,2024-09-05
C000121,Patricia,Brown,Patricia Brown,patricia.brown121@email.com,(757) 860-6876,1092 Elm Ave,Jacksonville,FL,Standard,2024-10-22
C000122,Sarah,Anderson,Sarah Anderson,sarah.anderson122@email.com,(878) 417-1349,928 Pine St,Chicago,IL,Premium,2024-12-27
C000123,Joseph,Miller,Joseph Miller,joseph.miller123@email.com,(983) 767-4394,9707 Oak Ave,Chicago,IL,Premium,2024-06-02
C000124,David,Martin,David Martin,david.martin124@email.com,(483) 348-3129,8950 Pine St,New York,NY,Premium,2025-01-12
C000125,John,Jones,John Jones,john.jones125@email.com,(566) 443-6304,358 Oak Ave,New York,NY,Standard,2025-03-12
C000126,David,Wilson,David Wilson,david.wilson126@email.com,(316) 963-2041,7902 Elm Ave,Indianapolis,IN,Standard,2023-11-26
C000127,Joseph,Brown,Joseph Brown,joseph.brown127@email.com,(715) 426-1710,8643 Pine St,Charlotte,NC,Basic,2023-07-16
C000128,John,Johnson,John Johnson,john.johnson128@email.com,(611) 636-2768,8132 Elm Ave,San Francisco,CA,VIP,2025-02-11
C000129,Christopher,Martin,Christopher Martin,christopher.martin129@email.com,(267) 329-5505,9690 Pine St,Phoenix,AZ,Basic,2023-09-01
C000130,Richard,Martinez,Richard Martinez,richard.martinez130@email.com,(717) 819-8048,1724 Main St,Charlotte,NC,Premium,2024-02-19
C000131,William,Davis,William Davis,william.davis131@email.com,(547) 664-7532,6915 Main St,Columbus,OH,Standard,2024-02-22
C000132,Christopher,Rodriguez,Christopher Rodriguez,christopher.rodriguez132@email.com,(356) 903-8770,1199 Main St,Jacksonville,FL,VIP,2025-01-29
C000133,Linda,Brown,Linda Brown,linda.brown133@email.com,(333) 769-1982,9708 Pine St,Jacksonville,FL,VIP,2024-03-10
C000134,Patricia,Wilson,Patricia Wilson,patricia.wilson134@email.com,(494) 814-6119,5861 Main St,Los Angeles,CA,Premium,2024-11-27
C000135,Elizabeth,Davis,Elizabeth Davis,elizabeth.davis135@email.com,(558) 769-7022,1982 Pine St,Houston,TX,Premium,2024-02-20
C000136,Barbara,Martin,Barbara Martin,barbara.martin136@email.com,(226) 823-5381,574 Oak Ave,Seattle,WA,Standard,2024-06-22
C000137,Christopher,Lopez,Christopher Lopez,christopher.lopez137@email.com,(385) 346-7566,1240 Oak Ave,New York,NY,VIP,2025-01-31
C000138,Richard,Miller,Richard Miller,richard.miller138@email.com,(629) 664-6585,2678 Pine St,Fort Worth,TX,Standard,2024-06-06
C000139,Joseph,Martin,Joseph Martin,joseph.martin139@email.com,(253) 359-3579,915 Main St,Chicago,IL,Standard,2024-02-06
C000140,Linda,Thomas,Linda Thomas,linda.thomas140@email.com,(624) 479-4531,8494 Main St,Charlotte,NC,Standard,2024-02-19
C000141,Sarah,Martinez,Sarah Martinez,sarah.martinez141@email.com,(739) 883-6053,844 Oak Ave,San Francisco,CA,Basic,2023-08-30
C000142,Jane,Smith,Jane Smith,jane.smith142@email.com,(508) 416-3248,4286 Pine St,San Antonio,TX,Standard,2025-01-02
C000143,John,Thomas,John Thomas,john.thomas143@email.com,(379) 332-7229,8825 Oak Ave,Columbus,OH,Standard,2025-02-20
C000144,Michael,Johnson,Michael Johnson,michael.johnson144@email.com,(219) 670-2275,5229 Elm Ave,Columbus,OH,Basic,2023-07-19
C000145,Linda,Martinez,Linda Martinez,linda.martinez145@email.com,(614) 221-6321,2915 Elm Ave,Houston,TX,Standard,2025-02-03
C000146,Linda,Brown,Linda Brown,linda.brown146@email.com,(646) 803-7560,8684 Main St,San Diego,CA,Basic,2024-06-21
C000147,Christopher,Davis,Christopher Davis,christopher.davis147@email.com,(997) 372-2251,8463 Main St,Austin,TX,Premium,2024-05-12
C000148,Patricia,Jones,Patricia Jones,patricia.jones148@email.com,(305) 349-5193,3332 Oak Ave,San Diego,CA,Premium,2023-07-03
C000149,Mike,Garcia,Mike Garcia,mike.garcia149@email.com,(675) 972-8354,9348 Pine St,San Francisco,CA,Standard,2024-12-01
C000150,William,Williams,William Williams,william.williams150@email.com,(652) 846-5961,4600 Main St,San Francisco,CA,Standard,2023-12-02
C000151,Mike,Martinez,Mike Martinez,mike.martinez151@email.com,(662) 238-1932,6141 Pine St,Charlotte,NC,VIP,2023-07-14
C000152,Mike,Martin,Mike Martin,mike.martin152@email.com,(593) 673-1672,7468 Oak Ave,Indianapolis,IN,Standard,2023-08-24
C000153,Elizabeth,Taylor,Elizabeth Taylor,elizabeth.taylor153@email.com,(263) 661-2695,5726 Main St,Phoenix,AZ,Premium,2025-03-25
C000154,Mary,Anderson,Mary Anderson,mary.anderson154@email.com,(736) 735-3600,6062 Pine St,Charlotte,NC,Standard,2024-04-03
C000155,Linda,Hernandez,Linda Hernandez,linda.hernandez155@email.com,(846) 862-6482,1179 Pine St,Los Angeles,CA,VIP,2023-10-11
C000156,Michael,Martinez,Michael Martinez,michael.martinez156@email.com,(941) 872-3463,5561 Main St,Dallas,TX,Premium,2024-05-11
C000157,Jennifer,Gonzalez,Jennifer Gonzalez,jennifer.gonzalez157@email.com,(809) 925-2388,5172 Elm Ave,Phoenix,AZ,Standard,2024-12-25
C000158,Richard,Williams,Richard Williams,richard.williams158@email.com,(720) 570-1298,6040 Pine St,Columbus,OH,Premium,2024-09-27
C000159,Christopher,Thomas,Christopher Thomas,christopher.thomas159@email.com,(431) 340-3538,1364 Pine St,San Antonio,TX,VIP,2023-12-02
C000160,Barbara,Taylor,Barbara Taylor,barbara.taylor160@email.com,(877) 544-3147,9885 Elm Ave,Los Angeles,CA,Premium,2024-11-19
C000161,Lisa,Martin,Lisa Martin,lisa.martin161@email.com,(938) 648-1715,6831 Pine St,Philadelphia,PA,Premium,2024-02-05
C000162,Susan,Martinez,Susan Martinez,susan.martinez162@email.com,(439) 746-4918,5170 Elm Ave,Charlotte,NC,Premium,2024-04-23
C000163,Joseph,Anderson,Joseph Anderson,joseph.anderson163@email.com,(987) 488-7256,8339 Elm Ave,Charlotte,NC,Premium,2024-10-12
C000164,Susan,Jones,Susan Jones,susan.jones164@email.com,(253) 856-8873,6181 Main St,Dallas,TX,VIP,2024-07-17
C000165,Mike,Garcia,Mike Garcia,mike.garcia165@email.com,(660) 725-3414,7267 Main St,Dallas,TX,Premium,2024-01-29
C000166,Patricia,Smith,Patricia Smith,patricia.smith166@email.com,(254) 605-9224,6226 Oak Ave,Columbus,OH,Basic,2025-02-10
C000167,Patricia,Davis,Patricia Davis,patricia.davis167@email.com,(526) 301-6493,2492 Oak Ave,New York,NY,VIP,2024-07-15
C000168,Elizabeth,Jones,Elizabeth Jones,elizabeth.jones168@email.com,(659) 830-1086,1398 Main St,San Francisco,CA,Standard,2024-09-26
C000169,David,Moore,David Moore,david.moore169@email.com,(633) 313-5720,3993 Pine St,Indianapolis,IN,VIP,2025-03-17
C000170,Mary,Wilson,Mary Wilson,mary.wilson170@email.com,(264) 313-9189,9876 Main St,Charlotte,NC,Premium,2024-12-08
C000171,Jennifer,Wilson,Jennifer Wilson,jennifer.wilson171@email.com,(829) 561-4941,9449 Elm Ave,New York,NY,Premium,2023-06-24
C000172,Mike,Taylor,Mike Taylor,mike.taylor172@email.com,(269) 738-9914,8412 Main St,Jacksonville,FL,Basic,2024-01-09
C000173,Jane,Gonzalez,Jane Gonzalez,jane.gonzalez173@email.com,(459) 965-1266,5950 Main St,Jacksonville,FL,Standard,2024-08-31
C000174,Sarah,Jackson,Sarah Jackson,sarah.jackson174@email.com,(336) 245-6772,9045 Pine St,Austin,TX,Premium,2024-01-15
C000175,Elizabeth,Garcia,Elizabeth Garcia,elizabeth.garcia175@email.com,(264) 933-8498,705 Pine St,Phoenix,AZ,Premium,2025-03-21
C000176,Robert,Johnson,Robert Johnson,robert.johnson176@email.com,(517) 727-7524,8997 Elm Ave,Austin,TX,Standard,2025-03-28
C000177,Robert,Martinez,Robert Martinez,robert.martinez177@email.com,(999) 248-6438,4576 Main St,Jacksonville,FL,Standard,2024-02-12
C000178,Michael,Anderson,Michael Anderson,michael.anderson178@email.com,(547) 391-9129,8251 Pine St,Fort Worth,TX,Standard,2025-02-09
C000179,Linda,Williams,Linda Williams,linda.williams179@email.com,(816) 384-9937,4913 Pine St,Columbus,OH,VIP,2025-02-12
C000180,Christopher,Martinez,Christopher Martinez,christopher.martinez180@email.com,(656) 817-7981,2830 Elm Ave,San Jose,CA,Standard,2024-02-02
C000181,Jane,Lopez,Jane Lopez,jane.lopez181@email.com,(481) 854-1939,1329 Elm Ave,Columbus,OH,Standard,2023-11-26
C000182,Lisa,Smith,Lisa Smith,lisa.smith182@email.com,(822) 894-8179,670 Oak Ave,Phoenix,AZ,VIP,2024-09-05
C000183,Patricia,Lopez,Patricia Lopez,patricia.lopez183@email.com,(780) 233-3513,7471 Pine St,Fort Worth,TX,Standard,2024-02-05
C000184,Mike,Jackson,Mike Jackson,mike.jackson184@email.com,(742) 575-7521,5250 Pine St,Phoenix,AZ,Premium,2025-01-08
C000185,John,Garcia,John Garcia,john.garcia185@email.com,(730) 596-2929,4388 Pine St,San Francisco,CA,Basic,2024-09-27
C000186,Susan,Martinez,Susan Martinez,susan.martinez186@email.com,(404) 325-3223,1313 Elm Ave,San Francisco,CA,Premium,2024-02-04
C000187,Mike,Hernandez,Mike Hernandez,mike.hernandez187@email.com,(926) 266-9882,4857 Pine St,Jacksonville,FL,Premium,2023-07-21
C000188,Lisa,Lopez,Lisa Lopez,lisa.lopez188@email.com,(429) 324-4292,2375 Oak Ave,Indianapolis,IN,Basic,2025-04-08
C000189,Patricia,Moore,Patricia Moore,patricia.moore189@email.com,(678) 764-3126,1512 Main St,Jacksonville,FL,Standard,2024-03-23
C000190,Elizabeth,Taylor,Elizabeth Taylor,elizabeth.taylor190@email.com,(987) 619-2208,2153 Pine St,Columbus,OH,VIP,2024-01-30
C000191,William,Taylor,William Taylor,william.taylor191@email.com,(331) 998-3981,2214 Elm Ave,Jacksonville,FL,VIP,2024-12-28
C000192,Richard,Jones,Richard Jones,richard.jones192@email.com,(368) 365-6286,3794 Pine St,San Jose,CA,Standard,2025-02-13
C000193,James,Miller,James Miller,james.miller193@email.com,(481) 328-5961,8840 Main St,Seattle,WA,Premium,2023-09-06
C000194,Joseph,Jones,Joseph Jones,joseph.jones194@email.com,(874) 839-6531,9334 Main St,Philadelphia,PA,VIP,2025-02-10
C000195,Jane,Jackson,Jane Jackson,jane.jackson195@email.com,(866) 415-7825,596 Elm Ave,Dallas,TX,Standard,2023-07-17
C000196,Jennifer,Thomas,Jennifer Thomas,jennifer.thomas196@email.com,(901) 615-5873,7530 Main St,San Diego,CA,VIP,2024-11-24
C000197,William,Wilson,William Wilson,william.wilson197@email.com,(675) 408-6573,2453 Pine St,San Francisco,CA,Standard,2024-05-16
C000198,Michael,Jones,Michael Jones,michael.jones198@email.com,(727) 775-2739,5328 Oak Ave,Jacksonville,FL,Basic,2024-12-30
C000199,James,Anderson,James Anderson,james.anderson199@email.com,(344) 299-1829,4854 Elm Ave,San Diego,CA,Basic,2024-08-23
C000200,Lisa,Hernandez,Lisa Hernandez,lisa.hernandez200@email.com,(394) 981-3610,8263 Elm Ave,Austin,TX,Basic,2024-06-23
C000201,Elizabeth,Smith,Elizabeth Smith,elizabeth.smith201@email.com,(602) 717-8491,4044 Oak Ave,Chicago,IL,Standard,2025-03-16
C000202,Jane,Martinez,Jane Martinez,jane.martinez202@email.com,(811) 869-8710,4781 Main St,San Francisco,CA,VIP,2024-02-18
C000203,David,Rodriguez,David Rodriguez,david.rodriguez203@email.com,(982) 612-6995,841 Elm Ave,Jacksonville,FL,VIP,2023-09-29
C000204,Barbara,Miller,Barbara Miller,barbara.miller204@email.com,(766) 495-2204,6429 Elm Ave,Jacksonville,FL,Standard,2023-08-05
C000205,Susan,Brown,Susan Brown,susan.brown205@email.com,(299) 603-7114,5655 Pine St,Phoenix,AZ,Premium,2024-10-13
C000206,Susan,Taylor,Susan Taylor,susan.taylor206@email.com,(712) 241-1742,737 Oak Ave,Fort Worth,TX,Standard,2024-01-05
C000207,Richard,Anderson,Richard Anderson,richard.anderson207@email.com,(820) 727-3290,5473 Pine St,Phoenix,AZ,Premium,2024-03-28
C000208,Susan,Martinez,Susan Martinez,susan.martinez208@email.com,(719) 721-9721,8125 Pine St,Austin,TX,Basic,2025-04-17
C000209,Patricia,Hernandez,Patricia Hernandez,patricia.hernandez209@email.com,(626) 797-6040,536 Elm Ave,Houston,TX,Standard,2023-07-03
C000210,Joseph,Jackson,Joseph Jackson,joseph.jackson210@email.com,(938) 252-8871,2893 Elm Ave,San Diego,CA,Premium,2023-06-07
C000211,Mary,Johnson,Mary Johnson,mary.johnson211@email.com,(395) 219-8225,5239 Elm Ave,Houston,TX,Premium,2024-03-08
C000212,Robert,Wilson,Robert Wilson,robert.wilson212@email.com,(993) 826-8726,1120 Oak Ave,Indianapolis,IN,Premium,2023-10-08
C000213,Christopher,Thomas,Christopher Thomas,christopher.thomas213@email.com,(585) 521-3837,7631 Pine St,Indianapolis,IN,Standard,2023-06-12
C000214,James,Martin,James Martin,james.martin214@email.com,(396) 452-5571,9243 Pine St,San Francisco,CA,Premium,2024-07-04
C000215,Jennifer,Miller,Jennifer Miller,jennifer.miller215@email.com,(524) 691-6714,9283 Pine St,San Francisco,CA,Standard,2024-12-31
C000216,Joseph,Moore,Joseph Moore,joseph.moore216@email.com,(604) 553-3399,4858 Main St,Fort Worth,TX,Standard,2025-02-13
C000217,Patricia,Anderson,Patricia Anderson,patricia.anderson217@email.com,(965) 690-4505,3410 Pine St,Dallas,TX,Standard,2024-12-15
C000218,Sarah,Martin,Sarah Martin,sarah.martin218@email.com,(448) 251-9700,3797 Oak Ave,San Diego,CA,VIP,2025-01-22
C000219,Linda,Hernandez,Linda Hernandez,linda.hernandez219@email.com,(302) 897-3252,184 Oak Ave,San Francisco,CA,Basic,2023-07-06
C000220,Elizabeth,Thomas,Elizabeth Thomas,elizabeth.thomas220@email.com,(974) 494-6262,4776 Main St,San Antonio,TX,VIP,2023-07-07
C000221,Joseph,Davis,Joseph Davis,joseph.davis221@email.com,(956) 940-1611,2968 Elm Ave,Seattle,WA,Premium,2025-03-28
C000222,Michael,Thomas,Michael Thomas,michael.thomas222@email.com,(966) 496-1613,251 Pine St,Philadelphia,PA,VIP,2024-05-26
C000223,Jennifer,Anderson,Jennifer Anderson,jennifer.anderson223@email.com,(736) 705-3198,8361 Elm Ave,Seattle,WA,Standard,2024-10-19
C000224,Sarah,Hernandez,Sarah Hernandez,sarah.hernandez224@email.com,(948) 669-5215,3150 Main St,Philadelphia,PA,Standard,2024-07-06
C000225,Joseph,Miller,Joseph Miller,joseph.miller225@email.com,(825) 854-7643,7107 Pine St,Philadelphia,PA,VIP,2024-03-20
C000226,Sarah,Garcia,Sarah Garcia,sarah.garcia226@email.com,(688) 531-5064,211 Pine St,Phoenix,AZ,Basic,2024-09-05
C000227,William,Rodriguez,William Rodriguez,william.rodriguez227@email.com,(509) 796-1187,4385 Pine St,Austin,TX,Premium,2025-03-02
C000228,Sarah,Anderson,Sarah Anderson,sarah.anderson228@email.com,(363) 615-9233,5195 Main St,San Jose,CA,Standard,2024-04-23
C000229,Susan,Davis,Susan Davis,susan.davis229@email.com,(336) 689-3509,7554 Pine St,San Diego,CA,Basic,2023-10-20
C000230,Elizabeth,Moore,Elizabeth Moore,elizabeth.moore230@email.com,(980) 453-2341,8709 Elm Ave,San Antonio,TX,Standard,2025-02-14
C000231,Joseph,Brown,Joseph Brown,joseph.brown231@email.com,(760) 717-4312,9483 Oak Ave,Los Angeles,CA,Premium,2024-06-03
C000232,Richard,Anderson,Richard Anderson,richard.anderson232@email.com,(896) 410-9008,1589 Elm Ave,Houston,TX,VIP,2024-01-26
C000233,David,Taylor,David Taylor,david.taylor233@email.com,(667) 777-1945,9255 Elm Ave,Columbus,OH,Standard,2025-04-12
C000234,Michael,Rodriguez,Michael Rodriguez,michael.rodriguez234@email.com,(963) 423-2196,842 Elm Ave,New York,NY,Standard,2025-02-28
C000235,Barbara,Johnson,Barbara Johnson,barbara.johnson235@email.com,(683) 232-5703,6798 Oak Ave,Chicago,IL,Premium,2023-07-18
C000236,Linda,Lopez,Linda Lopez,linda.lopez236@email.com,(659) 586-7154,1414 Oak Ave,Fort Worth,TX,Standard,2025-01-03
C000237,Lisa,Moore,Lisa Moore,lisa.moore237@email.com,(741) 330-4648,156 Main St,Fort Worth,TX,Standard,2024-01-16
C000238,Barbara,Wilson,Barbara Wilson,barbara.wilson238@email.com,(588) 435-5055,7646 Pine St,Seattle,WA,Premium,2024-07-26
C000239,Robert,Brown,Robert Brown,robert.brown239@email.com,(876) 629-1256,4043 Oak Ave,Los Angeles,CA,VIP,2025-01-21
C000240,Susan,Johnson,Susan Johnson,susan.johnson240@email.com,(812) 888-1797,4109 Main St,Charlotte,NC,Basic,2024-02-10
C000241,Mary,Moore,Mary Moore,mary.moore241@email.com,(972) 994-1924,2395 Pine St,San Antonio,TX,Premium,2023-09-23
C000242,Christopher,Jackson,Christopher Jackson,christopher.jackson242@email.com,(442) 509-3347,8640 Oak Ave,Austin,TX,Basic,2024-07-01
C000243,James,Johnson,James Johnson,james.johnson243@email.com,(805) 952-3869,7099 Elm Ave,Seattle,WA,VIP,2024-05-17
C000244,Michael,Taylor,Michael Taylor,michael.taylor244@email.com,(913) 626-7688,2544 Pine St,Austin,TX,Basic,2024-10-28
C000245,Barbara,Thomas,Barbara Thomas,barbara.thomas245@email.com,(430) 507-3365,7686 Main St,San Diego,CA,Basic,2024-03-04
C000246,Barbara,Taylor,Barbara Taylor,barbara.taylor246@email.com,(597) 448-5177,3431 Pine St,Phoenix,AZ,VIP,2024-01-30
C000247,Patricia,Williams,Patricia Williams,patricia.williams247@email.com,(941) 395-1844,4498 Elm Ave,Seattle,WA,VIP,2025-02-19
C000248,Robert,Jackson,Robert Jackson,robert.jackson248@email.com,(422) 690-4422,5555 Pine St,Seattle,WA,VIP,2024-09-30
C000249,Robert,Brown,Robert Brown,robert.brown249@email.com,(448) 912-4350,6598 Oak Ave,San Francisco,CA,Standard,2024-07-19
C000250,Michael,Anderson,Michael Anderson,michael.anderson250@email.com,(864) 567-6053,4385 Pine St,Seattle,WA,Basic,2024-01-13
C000251,Sarah,Thomas,Sarah Thomas,sarah.thomas251@email.com,(408) 579-6126,6881 Main St,Austin,TX,Premium,2024-12-06
C000252,John,Rodriguez,John Rodriguez,john.rodriguez252@email.com,(798) 793-7841,4936 Oak Ave,Seattle,WA,Premium,2024-06-01
C000253,Mary,Gonzalez,Mary Gonzalez,mary.gonzalez253@email.com,(711) 763-6530,4316 Elm Ave,San Diego,CA,Basic,2024-01-19
C000254,Lisa,Lopez,Lisa Lopez,lisa.lopez254@email.com,(343) 937-9954,8100 Oak Ave,Philadelphia,PA,VIP,2023-11-15
C000255,Jane,Williams,Jane Williams,jane.williams255@email.com,(982) 206-7756,2352 Oak Ave,Los Angeles,CA,VIP,2024-12-01
C000256,John,Miller,John Miller,john.miller256@email.com,(666) 582-1990,8016 Elm Ave,Indianapolis,IN,VIP,2025-04-28
C000257,Barbara,Moore,Barbara Moore,barbara.moore257@email.com,(212) 217-9673,4601 Pine St,Columbus,OH,VIP,2023-12-07
C000258,Linda,Garcia,Linda Garcia,linda.garcia258@email.com,(298) 736-3439,4048 Oak Ave,Houston,TX,Standard,2024-05-07
C000259,James,Gonzalez,James Gonzalez,james.gonzalez259@email.com,(582) 615-8520,9356 Oak Ave,Chicago,IL,Premium,2024-07-01
C000260,Mike,Johnson,Mike Johnson,mike.johnson260@email.com,(615) 588-7179,9155 Elm Ave,Chicago,IL,VIP,2023-07-22
C000261,John,Garcia,John Garcia,john.garcia261@email.com,(711) 644-6427,9370 Main St,Chicago,IL,VIP,2024-09-11
C000262,Robert,Jackson,Robert Jackson,robert.jackson262@email.com,(477) 247-2218,4693 Main St,San Francisco,CA,Premium,2024-06-16
C000263,John,Miller,John Miller,john.miller263@email.com,(970) 929-7525,1360 Pine St,Phoenix,AZ,Premium,2023-10-05
C000264,Mary,Jackson,Mary Jackson,mary.jackson264@email.com,(893) 753-6435,6388 Oak Ave,Fort Worth,TX,VIP,2023-12-09
C000265,Patricia,Johnson,Patricia Johnson,patricia.johnson265@email.com,(647) 437-2245,5680 Elm Ave,Houston,TX,Standard,2025-04-04
C000266,James,Anderson,James Anderson,james.anderson266@email.com,(433) 564-7150,7175 Oak Ave,San Francisco,CA,Basic,2025-02-06
C000267,Susan,Martinez,Susan Martinez,susan.martinez267@email.com,(930) 275-2344,4490 Oak Ave,San Diego,CA,Basic,2023-07-25
C000268,David,Gonzalez,David Gonzalez,david.gonzalez268@email.com,(569) 309-2499,185 Pine St,Austin,TX,Basic,2024-05-01
C000269,James,Brown,James Brown,james.brown269@email.com,(289) 391-8061,7453 Elm Ave,Phoenix,AZ,VIP,2025-04-08
C000270,Mike,Lopez,Mike Lopez,mike.lopez270@email.com,(295) 811-6315,6411 Main St,Seattle,WA,Standard,2024-03-07
C000271,Michael,Williams,Michael Williams,michael.williams271@email.com,(448) 785-9537,2878 Elm Ave,Seattle,WA,Premium,2024-12-13
C000272,James,Martinez,James Martinez,james.martinez272@email.com,(704) 349-2036,2839 Elm Ave,Dallas,TX,Standard,2024-02-28
C000273,Jennifer,Thomas,Jennifer Thomas,jennifer.thomas273@email.com,(569) 457-5040,8223 Oak Ave,Chicago,IL,Basic,2025-01-15
C000274,David,Martinez,David Martinez,david.martinez274@email.com,(605) 540-7224,5499 Elm Ave,New York,NY,Standard,2024-02-19
C000275,Susan,Jones,Susan Jones,susan.jones275@email.com,(528) 817-4290,7948 Pine St,San Jose,CA,Premium,2024-03-23
C000276,Christopher,Martinez,Christopher Martinez,christopher.martinez276@email.com,(789) 448-6339,6261 Pine St,San Francisco,CA,Basic,2024-04-26
C000277,Sarah,Jackson,Sarah Jackson,sarah.jackson277@email.com,(806) 758-3947,9112 Main St,San Antonio,TX,Basic,2024-10-02
C000278,William,Martinez,William Martinez,william.martinez278@email.com,(618) 889-9180,2380 Pine St,Chicago,IL,Premium,2024-08-19
C000279,David,Wilson,David Wilson,david.wilson279@email.com,(275) 659-8851,9639 Elm Ave,Fort Worth,TX,Basic,2023-10-26
C000280,Jane,Lopez,Jane Lopez,jane.lopez280@email.com,(808) 853-2392,1891 Oak Ave,Seattle,WA,Standard,2024-11-15
C000281,Susan,Johnson,Susan Johnson,susan.johnson281@email.com,(970) 539-8052,1835 Main St,Fort Worth,TX,VIP,2024-08-13
C000282,Mary,Taylor,Mary Taylor,mary.taylor282@email.com,(771) 794-4621,7403 Pine St,Indianapolis,IN,Basic,2024-01-16
C000283,Joseph,Taylor,Joseph Taylor,joseph.taylor283@email.com,(553) 225-8909,1812 Pine St,Phoenix,AZ,Basic,2025-02-06
C000284,Sarah,Jones,Sarah Jones,sarah.jones284@email.com,(519) 551-8460,3489 Elm Ave,Jacksonville,FL,Standard,2024-01-03
C000285,Sarah,Anderson,Sarah Anderson,sarah.anderson285@email.com,(526) 268-5919,832 Main St,Charlotte,NC,VIP,2024-05-18
C000286,Sarah,Garcia,Sarah Garcia,sarah.garcia286@email.com,(728) 378-3623,5522 Elm Ave,San Diego,CA,Basic,2024-09-09
C000287,Michael,Garcia,Michael Garcia,michael.garcia287@email.com,(855) 873-8080,6581 Main St,Philadelphia,PA,Premium,2024-01-30
C000288,Joseph,Wilson,Joseph Wilson,joseph.wilson288@email.com,(204) 921-4519,3471 Pine St,Fort Worth,TX,VIP,2023-09-21
C000289,Sarah,Moore,Sarah Moore,sarah.moore289@email.com,(574) 533-4228,7596 Main St,Philadelphia,PA,Standard,2023-06-18
C000290,Elizabeth,Taylor,Elizabeth Taylor,elizabeth.taylor290@email.com,(811) 597-7431,9717 Main St,Austin,TX,Standard,2024-05-09
C000291,William,Martin,William Martin,william.martin291@email.com,(889) 922-5873,9769 Main St,Philadelphia,PA,Premium,2024-06-18
C000292,Sarah,Davis,Sarah Davis,sarah.davis292@email.com,(319) 387-7116,2416 Elm Ave,San Jose,CA,Basic,2023-09-02
C000293,David,Jackson,David Jackson,david.jackson293@email.com,(633) 390-8973,8904 Oak Ave,Fort Worth,TX,Premium,2023-12-20
C000294,Jennifer,Jones,Jennifer Jones,jennifer.jones294@email.com,(522) 661-1878,5982 Main St,Philadelphia,PA,Basic,2024-12-16
C000295,Robert,Gonzalez,Robert Gonzalez,robert.gonzalez295@email.com,(717) 868-9109,6803 Elm Ave,Seattle,WA,Basic,2024-02-05
C000296,Elizabeth,Garcia,Elizabeth Garcia,elizabeth.garcia296@email.com,(778) 231-4613,4885 Main St,Chicago,IL,Standard,2024-09-16
C000297,Barbara,Martinez,Barbara Martinez,barbara.martinez297@email.com,(999) 668-9115,9106 Main St,Philadelphia,PA,VIP,2024-08-03
C000298,Barbara,Lopez,Barbara Lopez,barbara.lopez298@email.com,(974) 242-8231,9051 Oak Ave,Seattle,WA,Basic,2025-01-20
C000299,Mary,Martinez,Mary Martinez,mary.martinez299@email.com,(660) 469-6711,1525 Elm Ave,Los Angeles,CA,VIP,2024-09-04
C000300,Robert,Jackson,Robert Jackson,robert.jackson300@email.com,(927) 824-8015,2819 Oak Ave,Jacksonville,FL,Premium,2024-10-05
C000301,Jane,Jackson,Jane Jackson,jane.jackson301@email.com,(745) 487-9827,2858 Pine St,Jacksonville,FL,Standard,2024-07-12
C000302,Joseph,Rodriguez,Joseph Rodriguez,joseph.rodriguez302@email.com,(895) 297-3221,6843 Main St,Indianapolis,IN,Standard,2023-07-03
C000303,David,Jones,David Jones,david.jones303@email.com,(349) 928-6277,4155 Elm Ave,San Diego,CA,Basic,2024-12-10
C000304,Joseph,Rodriguez,Joseph Rodriguez,joseph.rodriguez304@email.com,(584) 662-2237,1625 Elm Ave,Columbus,OH,Standard,2024-04-22
C000305,William,Thomas,William Thomas,william.thomas305@email.com,(795) 202-2526,7611 Pine St,Austin,TX,VIP,2023-11-04
C000306,Michael,Miller,Michael Miller,michael.miller306@email.com,(416) 706-5399,5389 Pine St,Columbus,OH,Standard,2023-10-22
C000307,Joseph,Jones,Joseph Jones,joseph.jones307@email.com,(551) 898-1793,852 Main St,San Francisco,CA,Basic,2025-04-18
C000308,Sarah,Garcia,Sarah Garcia,sarah.garcia308@email.com,(667) 200-8009,3414 Oak Ave,Charlotte,NC,Standard,2024-11-23
C000309,James,Williams,James Williams,james.williams309@email.com,(456) 284-7092,2811 Main St,Jacksonville,FL,Basic,2023-08-03
C000310,Jennifer,Davis,Jennifer Davis,jennifer.davis310@email.com,(871) 293-2559,117 Oak Ave,Columbus,OH,Basic,2025-02-14
C000311,David,Jackson,David Jackson,david.jackson311@email.com,(731) 896-8291,252 Main St,San Diego,CA,Standard,2025-01-01
C000312,Linda,Jones,Linda Jones,linda.jones312@email.com,(272) 434-7276,1563 Main St,San Francisco,CA,VIP,2024-06-18
C000313,Patricia,Martinez,Patricia Martinez,patricia.martinez313@email.com,(591) 992-3181,2440 Main St,Phoenix,AZ,VIP,2023-08-19
C000314,Lisa,Anderson,Lisa Anderson,lisa.anderson314@email.com,(939) 418-3480,6845 Elm Ave,Jacksonville,FL,Premium,2025-02-05
C000315,Sarah,Jones,Sarah Jones,sarah.jones315@email.com,(803) 947-7291,5859 Elm Ave,Houston,TX,Standard,2024-12-12
C000316,Mary,Rodriguez,Mary Rodriguez,mary.rodriguez316@email.com,(454) 766-5668,539 Pine St,Chicago,IL,Premium,2023-11-21
C000317,Susan,Taylor,Susan Taylor,susan.taylor317@email.com,(965) 601-5842,994 Oak Ave,San Antonio,TX,Basic,2024-04-04
C000318,Sarah,Davis,Sarah Davis,sarah.davis318@email.com,(853) 808-2163,8755 Main St,San Francisco,CA,Standard,2024-06-14
C000319,David,Gonzalez,David Gonzalez,david.gonzalez319@email.com,(574) 759-3830,7817 Main St,Columbus,OH,VIP,2023-09-11
C000320,Mike,Smith,Mike Smith,mike.smith320@email.com,(420) 240-1990,6620 Pine St,Dallas,TX,Basic,2024-02-26
C000321,Michael,Williams,Michael Williams,michael.williams321@email.com,(750) 830-3501,4646 Main St,Seattle,WA,Standard,2025-02-13
C000322,Richard,Miller,Richard Miller,richard.miller322@email.com,(749) 534-7401,9708 Main St,Phoenix,AZ,Standard,2024-02-12
C000323,Mary,Johnson,Mary Johnson,mary.johnson323@email.com,(288) 644-2900,7528 Main St,San Diego,CA,Standard,2023-06-22
C000324,Lisa,Brown,Lisa Brown,lisa.brown324@email.com,(924) 340-1185,2784 Elm Ave,New York,NY,Standard,2023-11-16
C000325,Richard,Rodriguez,Richard Rodriguez,richard.rodriguez325@email.com,(580) 329-5403,2034 Main St,Philadelphia,PA,Standard,2024-02-20
C000326,James,Taylor,James Taylor,james.taylor326@email.com,(469) 929-2262,8228 Elm Ave,Chicago,IL,Standard,2025-03-09
C000327,Elizabeth,Jackson,Elizabeth Jackson,elizabeth.jackson327@email.com,(576) 361-5179,1785 Main St,Philadelphia,PA,Premium,2023-11-30
C000328,John,Johnson,John Johnson,john.johnson328@email.com,(450) 247-8729,6063 Elm Ave,New York,NY,Premium,2024-11-02
C000329,Jane,Moore,Jane Moore,jane.moore329@email.com,(429) 529-5067,6919 Pine St,Columbus,OH,Standard,2025-02-14
C000330,Joseph,Lopez,Joseph Lopez,joseph.lopez330@email.com,(714) 889-1862,3038 Oak Ave,Houston,TX,VIP,2024-03-20
C000331,Mike,Anderson,Mike Anderson,mike.anderson331@email.com,(992) 518-6362,1515 Elm Ave,San Jose,CA,VIP,2024-04-22
C000332,Robert,Martinez,Robert Martinez,robert.martinez332@email.com,(957) 837-4974,7700 Pine St,San Jose,CA,Basic,2024-10-16
C000333,Barbara,Davis,Barbara Davis,barbara.davis333@email.com,(206) 619-1391,3917 Pine St,Phoenix,AZ,VIP,2024-05-26
C000334,John,Gonzalez,John Gonzalez,john.gonzalez334@email.com,(306) 410-9680,4002 Elm Ave,San Jose,CA,Basic,2025-03-04
C000335,David,Rodriguez,David Rodriguez,david.rodriguez335@email.com,(244) 437-9515,6867 Pine St,Chicago,IL,Basic,2025-02-07
C000336,Joseph,Brown,Joseph Brown,joseph.brown336@email.com,(336) 852-7461,1326 Main St,Indianapolis,IN,Basic,2023-06-26
C000337,David,Davis,David Davis,david.davis337@email.com,(467) 522-7438,5445 Pine St,San Jose,CA,Basic,2024-07-30
C000338,Mary,Williams,Mary Williams,mary.williams338@email.com,(339) 998-2785,2646 Main St,San Antonio,TX,Premium,2024-01-30
C000339,William,Hernandez,William Hernandez,william.hernandez339@email.com,(323) 748-6870,3501 Elm Ave,Columbus,OH,Standard,2024-01-16
C000340,James,Brown,James Brown,james.brown340@email.com,(361) 902-5984,9984 Main St,Chicago,IL,Premium,2024-06-03
C000341,David,Williams,David Williams,david.williams341@email.com,(564) 605-9412,902 Pine St,San Diego,CA,Standard,2024-11-07
C000342,John,Gonzalez,John Gonzalez,john.gonzalez342@email.com,(769) 966-5093,1651 Elm Ave,Charlotte,NC,VIP,2024-12-12
C000343,Sarah,Smith,Sarah Smith,sarah.smith343@email.com,(999) 427-3141,3346 Elm Ave,Los Angeles,CA,Standard,2023-07-29
C000344,Mike,Jackson,Mike Jackson,mike.jackson344@email.com,(276) 222-2056,3339 Elm Ave,Dallas,TX,Premium,2025-01-30
C000345,Christopher,Brown,Christopher Brown,christopher.brown345@email.com,(672) 251-3752,9502 Elm Ave,Los Angeles,CA,Basic,2023-12-13
C000346,John,Gonzalez,John Gonzalez,john.gonzalez346@email.com,(376) 562-4517,3166 Pine St,Columbus,OH,Standard,2024-02-03
C000347,David,Johnson,David Johnson,david.johnson347@email.com,(862) 502-9173,6850 Elm Ave,San Diego,CA,VIP,2025-02-04
C000348,James,Gonzalez,James Gonzalez,james.gonzalez348@email.com,(629) 404-9614,4182 Main St,Phoenix,AZ,Basic,2024-05-02
C000349,Elizabeth,Moore,Elizabeth Moore,elizabeth.moore349@email.com,(552) 779-9231,5369 Elm Ave,San Francisco,CA,Standard,2024-11-01
C000350,John,Hernandez,John Hernandez,john.hernandez350@email.com,(230) 997-5602,1059 Elm Ave,San Diego,CA,Standard,2023-09-14
C000351,Mary,Garcia,Mary Garcia,mary.garcia351@email.com,(453) 872-4951,4466 Main St,Houston,TX,Premium,2023-09-23
C000352,Michael,Lopez,Michael Lopez,michael.lopez352@email.com,(380) 442-6210,5978 Main St,Philadelphia,PA,Standard,2023-10-01
C000353,Joseph,Jones,Joseph Jones,joseph.jones353@email.com,(704) 755-6063,2976 Elm Ave,San Antonio,TX,VIP,2025-02-01
C000354,Jane,Davis,Jane Davis,jane.davis354@email.com,(220) 739-8831,111 Pine St,San Diego,CA,Premium,2024-12-22
C000355,Christopher,Garcia,Christopher Garcia,christopher.garcia355@email.com,(260) 222-3420,9711 Oak Ave,Austin,TX,VIP,2023-11-13
C000356,Patricia,Williams,Patricia Williams,patricia.williams356@email.com,(921) 878-7481,9701 Main St,Jacksonville,FL,Standard,2024-06-29
C000357,Christopher,Jones,Christopher Jones,christopher.jones357@email.com,(949) 647-8982,5298 Oak Ave,Philadelphia,PA,Standard,2024-09-18
C000358,Joseph,Garcia,Joseph Garcia,joseph.garcia358@email.com,(514) 951-5825,2186 Oak Ave,Fort Worth,TX,VIP,2023-09-26
C000359,Michael,Jackson,Michael Jackson,michael.jackson359@email.com,(386) 816-6213,3719 Main St,Los Angeles,CA,Basic,2024-12-11
C000360,Christopher,Williams,Christopher Williams,christopher.williams360@email.com,(555) 527-3750,1553 Pine St,San Diego,CA,Basic,2025-04-23
C000361,James,Miller,James Miller,james.miller361@email.com,(909) 269-6742,4305 Main St,San Diego,CA,VIP,2025-03-16
C000362,Michael,Anderson,Michael Anderson,michael.anderson362@email.com,(370) 623-9078,6304 Pine St,Columbus,OH,Basic,2025-01-21
C000363,Elizabeth,Jackson,Elizabeth Jackson,elizabeth.jackson363@email.com,(366) 662-2207,647 Pine St,San Diego,CA,VIP,2024-06-12
C000364,James,Brown,James Brown,james.brown364@email.com,(550) 374-7151,2736 Main St,Chicago,IL,VIP,2024-05-23
C000365,Susan,Martin,Susan Martin,susan.martin365@email.com,(921) 231-8066,2803 Elm Ave,San Francisco,CA,Premium,2025-03-11
C000366,Sarah,Hernandez,Sarah Hernandez,sarah.hernandez366@email.com,(394) 619-9849,4446 Pine St,San Antonio,TX,Standard,2024-09-03
C000367,Sarah,Johnson,Sarah Johnson,sarah.johnson367@email.com,(785) 762-9043,2616 Main St,Fort Worth,TX,Standard,2025-05-01
C000368,Linda,Williams,Linda Williams,linda.williams368@email.com,(877) 840-8869,3371 Main St,San Jose,CA,VIP,2024-10-05
C000369,Lisa,Martinez,Lisa Martinez,lisa.martinez369@email.com,(684) 318-6052,6612 Elm Ave,Chicago,IL,Basic,2023-06-28
C000370,James,Williams,James Williams,james.williams370@email.com,(596) 389-7078,6349 Pine St,Seattle,WA,Premium,2024-02-03
C000371,Jane,Rodriguez,Jane Rodriguez,jane.rodriguez371@email.com,(676) 469-4706,4500 Main St,Charlotte,NC,Premium,2023-06-21
C000372,Sarah,Williams,Sarah Williams,sarah.williams372@email.com,(754) 623-4727,9170 Main St,Jacksonville,FL,Basic,2023-11-16
C000373,Linda,Moore,Linda Moore,linda.moore373@email.com,(786) 441-8803,4996 Main St,San Francisco,CA,Basic,2025-03-30
C000374,Richard,Jackson,Richard Jackson,richard.jackson374@email.com,(785) 893-3415,2070 Elm Ave,Indianapolis,IN,Premium,2024-11-14
C000375,Robert,Miller,Robert Miller,robert.miller375@email.com,(243) 633-2283,7233 Oak Ave,Phoenix,AZ,Premium,2023-09-03
C000376,James,Hernandez,James Hernandez,james.hernandez376@email.com,(289) 597-7510,9144 Pine St,Chicago,IL,Standard,2023-11-19
C000377,William,Smith,William Smith,william.smith377@email.com,(629) 315-7790,2551 Oak Ave,Indianapolis,IN,VIP,2025-01-16
C000378,Joseph,Brown,Joseph Brown,joseph.brown378@email.com,(748) 552-7732,4427 Elm Ave,San Jose,CA,Basic,2023-09-27
C000379,Susan,Thomas,Susan Thomas,susan.thomas379@email.com,(376) 482-7602,2456 Elm Ave,Los Angeles,CA,VIP,2024-03-25
C000380,Christopher,Davis,Christopher Davis,christopher.davis380@email.com,(963) 686-5400,6202 Main St,Los Angeles,CA,Standard,2024-06-28
C000381,Jennifer,Rodriguez,Jennifer Rodriguez,jennifer.rodriguez381@email.com,(912) 901-2609,3834 Oak Ave,San Francisco,CA,Standard,2024-02-06
C000382,Christopher,Rodriguez,Christopher Rodriguez,christopher.rodriguez382@email.com,(819) 861-2462,3179 Elm Ave,Columbus,OH,Premium,2024-03-14
C000383,Elizabeth,Taylor,Elizabeth Taylor,elizabeth.taylor383@email.com,(257) 727-3604,1175 Pine St,Jacksonville,FL,Basic,2024-12-17
C000384,Richard,Jackson,Richard Jackson,richard.jackson384@email.com,(377) 397-4288,1044 Oak Ave,New York,NY,VIP,2024-01-23
C000385,Jane,Lopez,Jane Lopez,jane.lopez385@email.com,(480) 577-8605,8375 Elm Ave,San Antonio,TX,VIP,2023-06-07
C000386,John,Davis,John Davis,john.davis386@email.com,(700) 808-8308,3009 Elm Ave,Jacksonville,FL,Standard,2024-05-17
C000387,Lisa,Rodriguez,Lisa Rodriguez,lisa.rodriguez387@email.com,(491) 228-7333,913 Oak Ave,Chicago,IL,Premium,2024-09-20
C000388,Mary,Miller,Mary Miller,mary.miller388@email.com,(867) 619-9409,428 Main St,Dallas,TX,Basic,2024-12-20
C000389,Lisa,Martin,Lisa Martin,lisa.martin389@email.com,(429) 458-6004,4611 Elm Ave,New York,NY,Basic,2024-05-12
C000390,William,Rodriguez,William Rodriguez,william.rodriguez390@email.com,(677) 509-9530,6606 Main St,San Antonio,TX,VIP,2023-11-28
C000391,Patricia,Moore,Patricia Moore,patricia.moore391@email.com,(505) 900-2771,7992 Main St,San Jose,CA,Standard,2024-07-25
C000392,Christopher,Rodriguez,Christopher Rodriguez,christopher.rodriguez392@email.com,(871) 928-5895,3186 Oak Ave,Dallas,TX,Premium,2025-03-07
C000393,Susan,Gonzalez,Susan Gonzalez,susan.gonzalez393@email.com,(897) 343-1417,8248 Pine St,Austin,TX,Standard,2024-03-02
C000394,Michael,Gonzalez,Michael Gonzalez,michael.gonzalez394@email.com,(797) 925-4111,5722 Oak Ave,Los Angeles,CA,Basic,2023-06-17
C000395,Patricia,Taylor,Patricia Taylor,patricia.taylor395@email.com,(374) 873-3967,4913 Main St,San Jose,CA,Basic,2024-12-24
C000396,James,Moore,James Moore,james.moore396@email.com,(896) 543-2463,3741 Pine St,Philadelphia,PA,Premium,2024-06-24
C000397,Linda,Hernandez,Linda Hernandez,linda.hernandez397@email.com,(466) 799-5817,7698 Main St,Jacksonville,FL,Basic,2025-03-11
C000398,Joseph,Jackson,Joseph Jackson,joseph.jackson398@email.com,(683) 399-9199,2063 Elm Ave,Chicago,IL,Standard,2024-03-07
C000399,Jane,Jones,Jane Jones,jane.jones399@email.com,(405) 550-7704,9429 Elm Ave,Phoenix,AZ,Premium,2024-06-15
C000400,Lisa,Williams,Lisa Williams,lisa.williams400@email.com,(540) 846-3897,5234 Main St,San Francisco,CA,VIP,2024-01-28
C000401,James,Miller,James Miller,james.miller401@email.com,(790) 982-3595,8121 Main St,Philadelphia,PA,Premium,2023-08-14
C000402,Linda,Wilson,Linda Wilson,linda.wilson402@email.com,(639) 688-7280,176 Main St,Fort Worth,TX,Premium,2024-04-17
C000403,John,Hernandez,John Hernandez,john.hernandez403@email.com,(395) 218-1067,4176 Oak Ave,Indianapolis,IN,Standard,2024-06-19
C000404,David,Brown,David Brown,david.brown404@email.com,(715) 802-6015,2836 Main St,Fort Worth,TX,VIP,2024-07-03
C000405,Jennifer,Anderson,Jennifer Anderson,jennifer.anderson405@email.com,(810) 736-6535,7205 Oak Ave,Indianapolis,IN,Standard,2023-12-20
C000406,Patricia,Miller,Patricia Miller,patricia.miller406@email.com,(613) 219-4742,3775 Oak Ave,Philadelphia,PA,Premium,2025-04-12
C000407,Joseph,Taylor,Joseph Taylor,joseph.taylor407@email.com,(326) 575-1612,6247 Pine St,Philadelphia,PA,VIP,2023-09-04
C000408,Jane,Brown,Jane Brown,jane.brown408@email.com,(249) 906-2897,6928 Elm Ave,New York,NY,Basic,2024-12-29
C000409,Barbara,Rodriguez,Barbara Rodriguez,barbara.rodriguez409@email.com,(918) 356-4366,252 Pine St,San Francisco,CA,Basic,2023-06-27
C000410,Sarah,Taylor,Sarah Taylor,sarah.taylor410@email.com,(837) 820-3247,6962 Main St,Dallas,TX,VIP,2024-07-19
C000411,Sarah,Brown,Sarah Brown,sarah.brown411@email.com,(403) 823-4272,4408 Oak Ave,San Francisco,CA,Standard,2024-03-11
C000412,Jennifer,Garcia,Jennifer Garcia,jennifer.garcia412@email.com,(761) 708-4402,7975 Pine St,Los Angeles,CA,Premium,2025-05-02
C000413,John,Williams,John Williams,john.williams413@email.com,(787) 885-9095,2543 Main St,Houston,TX,VIP,2025-01-21
C000414,James,Davis,James Davis,james.davis414@email.com,(503) 470-8606,920 Main St,Charlotte,NC,Premium,2025-03-25
C000415,Jennifer,Lopez,Jennifer Lopez,jennifer.lopez415@email.com,(636) 956-2898,1656 Main St,Austin,TX,VIP,2024-12-14
C000416,Lisa,Hernandez,Lisa Hernandez,lisa.hernandez416@email.com,(648) 836-5395,1622 Pine St,Jacksonville,FL,Standard,2024-10-29
C000417,Sarah,Gonzalez,Sarah Gonzalez,sarah.gonzalez417@email.com,(667) 478-7319,7935 Elm Ave,Fort Worth,TX,Premium,2025-01-09
C000418,David,Johnson,David Johnson,david.johnson418@email.com,(306) 626-8908,9421 Elm Ave,Philadelphia,PA,Premium,2023-08-18
C000419,Michael,Lopez,Michael Lopez,michael.lopez419@email.com,(900) 944-3140,8014 Elm Ave,New York,NY,VIP,2024-03-09
C000420,William,Johnson,William Johnson,william.johnson420@email.com,(467) 870-6148,302 Oak Ave,Chicago,IL,Standard,2023-11-20
C000421,Richard,Martin,Richard Martin,richard.martin421@email.com,(643) 877-5072,7995 Pine St,Houston,TX,Basic,2024-12-03
C000422,Barbara,Martin,Barbara Martin,barbara.martin422@email.com,(211) 858-3571,8383 Elm Ave,Los Angeles,CA,Basic,2024-11-16
C000423,Mike,Thomas,Mike Thomas,mike.thomas423@email.com,(446) 538-5557,924 Oak Ave,Austin,TX,Basic,2024-03-18
C000424,Mary,Williams,Mary Williams,mary.williams424@email.com,(654) 786-8341,1542 Elm Ave,Charlotte,NC,Basic,2024-06-15
C000425,Sarah,Thomas,Sarah Thomas,sarah.thomas425@email.com,(305) 613-7755,687 Main St,New York,NY,VIP,2023-08-25
C000426,Susan,Martinez,Susan Martinez,susan.martinez426@email.com,(775) 411-8474,5684 Pine St,Indianapolis,IN,VIP,2024-09-18
C000427,William,Hernandez,William Hernandez,william.hernandez427@email.com,(985) 834-8751,6052 Elm Ave,Seattle,WA,VIP,2025-01-25
C000428,Mary,Smith,Mary Smith,mary.smith428@email.com,(563) 848-5783,9073 Pine St,Austin,TX,VIP,2025-03-19
C000429,Lisa,Thomas,Lisa Thomas,lisa.thomas429@email.com,(934) 960-7704,1852 Pine St,Phoenix,AZ,Premium,2024-10-24
C000430,Sarah,Gonzalez,Sarah Gonzalez,sarah.gonzalez430@email.com,(668) 395-6536,1865 Elm Ave,San Antonio,TX,VIP,2023-07-26
C000431,Joseph,Brown,Joseph Brown,joseph.brown431@email.com,(668) 874-9260,2305 Elm Ave,Charlotte,NC,VIP,2023-11-08
C000432,Jane,Moore,Jane Moore,jane.moore432@email.com,(799) 694-9328,3003 Oak Ave,Columbus,OH,Premium,2025-01-18
C000433,Michael,Martin,Michael Martin,michael.martin433@email.com,(716) 593-7859,4167 Pine St,Austin,TX,Basic,2024-05-18
C000434,Jennifer,Anderson,Jennifer Anderson,jennifer.anderson434@email.com,(341) 622-9393,4997 Pine St,Phoenix,AZ,Premium,2024-10-11
C000435,Robert,Martin,Robert Martin,robert.martin435@email.com,(903) 553-3173,3013 Pine St,San Jose,CA,VIP,2024-05-09
C000436,Barbara,Thomas,Barbara Thomas,barbara.thomas436@email.com,(890) 965-9747,4784 Elm Ave,Columbus,OH,VIP,2023-11-16
C000437,Sarah,Smith,Sarah Smith,sarah.smith437@email.com,(348) 254-1927,3375 Pine St,Fort Worth,TX,Premium,2024-07-15
C000438,James,Jones,James Jones,james.jones438@email.com,(907) 502-4342,8966 Main St,Los Angeles,CA,Standard,2024-01-27
C000439,Sarah,Martin,Sarah Martin,sarah.martin439@email.com,(429) 960-7371,3992 Pine St,Seattle,WA,VIP,2024-04-09
C000440,Michael,Wilson,Michael Wilson,michael.wilson440@email.com,(765) 255-1212,4217 Oak Ave,Austin,TX,Basic,2024-09-16
C000441,Patricia,Jackson,Patricia Jackson,patricia.jackson441@email.com,(956) 817-4218,3270 Pine St,Seattle,WA,Basic,2024-11-04
C000442,Mike,Garcia,Mike Garcia,mike.garcia442@email.com,(952) 726-2955,6280 Main St,Philadelphia,PA,Basic,2024-07-23
C000443,Barbara,Rodriguez,Barbara Rodriguez,barbara.rodriguez443@email.com,(364) 798-5178,192 Pine St,Phoenix,AZ,Basic,2024-11-27
C000444,Jane,Jones,Jane Jones,jane.jones444@email.com,(811) 252-5934,8137 Pine St,Austin,TX,VIP,2024-06-13
C000445,Richard,Davis,Richard Davis,richard.davis445@email.com,(733) 269-9276,2711 Elm Ave,Philadelphia,PA,Basic,2025-01-30
C000446,Patricia,Davis,Patricia Davis,patricia.davis446@email.com,(879) 539-6424,6011 Pine St,San Antonio,TX,Premium,2023-08-10
C000447,Richard,Thomas,Richard Thomas,richard.thomas447@email.com,(970) 864-1144,1979 Pine St,Seattle,WA,Basic,2024-08-31
C000448,Susan,Martin,Susan Martin,susan.martin448@email.com,(240) 898-6258,6348 Main St,San Diego,CA,Basic,2024-08-15
C000449,Barbara,Martinez,Barbara Martinez,barbara.martinez449@email.com,(729) 988-7143,8526 Elm Ave,New York,NY,Basic,2025-03-21
C000450,Jennifer,Miller,Jennifer Miller,jennifer.miller450@email.com,(726) 284-2572,2842 Main St,Austin,TX,VIP,2024-10-01
C000451,Robert,Wilson,Robert Wilson,robert.wilson451@email.com,(410) 750-8130,1281 Oak Ave,Houston,TX,VIP,2024-01-20
C000452,Christopher,Johnson,Christopher Johnson,christopher.johnson452@email.com,(275) 255-3916,4227 Main St,Chicago,IL,Premium,2024-08-13
C000453,Linda,Gonzalez,Linda Gonzalez,linda.gonzalez453@email.com,(845) 614-8094,5283 Main St,Charlotte,NC,Basic,2023-06-15
C000454,Sarah,Moore,Sarah Moore,sarah.moore454@email.com,(856) 937-2036,9694 Main St,New York,NY,VIP,2024-05-03
C000455,Richard,Brown,Richard Brown,richard.brown455@email.com,(902) 508-2417,4712 Elm Ave,San Jose,CA,Basic,2024-03-26
C000456,John,Thomas,John Thomas,john.thomas456@email.com,(746) 425-3234,6506 Pine St,Philadelphia,PA,Premium,2024-07-03
C000457,Patricia,Smith,Patricia Smith,patricia.smith457@email.com,(768) 344-3019,784 Main St,Seattle,WA,Basic,2023-11-01
C000458,Barbara,Williams,Barbara Williams,barbara.williams458@email.com,(415) 966-6633,3569 Elm Ave,San Jose,CA,Premium,2024-11-21
C000459,Lisa,Davis,Lisa Davis,lisa.davis459@email.com,(398) 317-3971,9394 Main St,Dallas,TX,Basic,2023-07-14
C000460,Barbara,Williams,Barbara Williams,barbara.williams460@email.com,(887) 268-5107,1708 Oak Ave,San Jose,CA,Basic,2024-05-31
C000461,Patricia,Jones,Patricia Jones,patricia.jones461@email.com,(302) 491-2143,3270 Pine St,San Diego,CA,Basic,2024-01-29
C000462,Christopher,Martin,Christopher Martin,christopher.martin462@email.com,(910) 798-3496,9366 Pine St,San Jose,CA,Standard,2024-02-21
C000463,Lisa,Smith,Lisa Smith,lisa.smith463@email.com,(452) 426-8145,4633 Pine St,Austin,TX,Premium,2023-06-09
C000464,Christopher,Thomas,Christopher Thomas,christopher.thomas464@email.com,(656) 567-6004,8078 Main St,Charlotte,NC,Premium,2023-07-13
C000465,Susan,Williams,Susan Williams,susan.williams465@email.com,(343) 751-4218,4412 Main St,Dallas,TX,VIP,2025-04-15
C000466,Richard,Smith,Richard Smith,richard.smith466@email.com,(987) 804-4485,700 Pine St,Fort Worth,TX,Basic,2023-07-05
C000467,David,Lopez,David Lopez,david.lopez467@email.com,(428) 990-5767,2293 Elm Ave,Fort Worth,TX,VIP,2024-03-24
C000468,Patricia,Taylor,Patricia Taylor,patricia.taylor468@email.com,(878) 444-3717,8523 Oak Ave,New York,NY,Basic,2024-11-22
C000469,Lisa,Jackson,Lisa Jackson,lisa.jackson469@email.com,(953) 949-8921,5978 Main St,Phoenix,AZ,Premium,2023-12-22
C000470,Mary,Williams,Mary Williams,mary.williams470@email.com,(578) 439-1701,3487 Pine St,Dallas,TX,Basic,2024-01-10
C000471,William,Johnson,William Johnson,william.johnson471@email.com,(864) 531-2691,8642 Pine St,Los Angeles,CA,Standard,2023-09-20
C000472,Barbara,Jackson,Barbara Jackson,barbara.jackson472@email.com,(585) 869-7201,6085 Main St,Philadelphia,PA,Standard,2024-04-14
C000473,Mary,Taylor,Mary Taylor,mary.taylor473@email.com,(561) 553-8976,7998 Main St,Fort Worth,TX,Premium,2024-02-09
C000474,Lisa,Davis,Lisa Davis,lisa.davis474@email.com,(726) 858-5600,3565 Oak Ave,Chicago,IL,Premium,2024-11-24
C000475,Patricia,Martin,Patricia Martin,patricia.martin475@email.com,(876) 435-7793,5510 Main St,Houston,TX,Basic,2023-06-13
C000476,Elizabeth,Thomas,Elizabeth Thomas,elizabeth.thomas476@email.com,(804) 365-7732,467 Oak Ave,San Antonio,TX,VIP,2024-12-25
C000477,Joseph,Jackson,Joseph Jackson,joseph.jackson477@email.com,(337) 844-9399,742 Oak Ave,Philadelphia,PA,VIP,2024-11-15
C000478,James,Garcia,James Garcia,james.garcia478@email.com,(615) 813-1305,4744 Main St,Indianapolis,IN,Premium,2024-01-31
C000479,Susan,Thomas,Susan Thomas,susan.thomas479@email.com,(374) 424-7730,9944 Oak Ave,San Francisco,CA,Premium,2023-08-05
C000480,Richard,Rodriguez,Richard Rodriguez,richard.rodriguez480@email.com,(941) 902-6614,7529 Main St,Philadelphia,PA,Premium,2024-04-12
C000481,Michael,Jones,Michael Jones,michael.jones481@email.com,(216) 407-9564,8363 Elm Ave,Houston,TX,Premium,2023-08-23
C000482,Sarah,Garcia,Sarah Garcia,sarah.garcia482@email.com,(829) 814-1639,8806 Main St,San Francisco,CA,VIP,2023-12-28
C000483,David,Martin,David Martin,david.martin483@email.com,(201) 993-8069,8653 Elm Ave,Seattle,WA,Standard,2025-03-21
C000484,Richard,Wilson,Richard Wilson,richard.wilson484@email.com,(693) 987-7246,5842 Main St,San Diego,CA,Basic,2024-12-18
C000485,James,Thomas,James Thomas,james.thomas485@email.com,(285) 490-9908,6795 Pine St,San Diego,CA,Premium,2025-04-29
C000486,John,Jackson,John Jackson,john.jackson486@email.com,(320) 732-1117,6244 Oak Ave,Indianapolis,IN,Standard,2024-03-12
C000487,Patricia,Brown,Patricia Brown,patricia.brown487@email.com,(636) 867-5155,4381 Elm Ave,Phoenix,AZ,Standard,2023-08-17
C000488,James,Gonzalez,James Gonzalez,james.gonzalez488@email.com,(623) 765-8904,3028 Pine St,San Antonio,TX,Basic,2024-08-18
C000489,Jennifer,Jackson,Jennifer Jackson,jennifer.jackson489@email.com,(992) 922-7522,2362 Main St,Jacksonville,FL,Premium,2024-02-02
C000490,Lisa,Brown,Lisa Brown,lisa.brown490@email.com,(720) 610-6544,9120 Main St,San Antonio,TX,Premium,2024-04-01
C000491,John,Williams,John Williams,john.williams491@email.com,(682) 814-8133,1544 Main St,Phoenix,AZ,Standard,2024-09-19
C000492,Patricia,Williams,Patricia Williams,patricia.williams492@email.com,(941) 593-7564,8636 Pine St,Los Angeles,CA,VIP,2024-11-06
C000493,Elizabeth,Anderson,Elizabeth Anderson,elizabeth.anderson493@email.com,(406) 872-9489,4785 Oak Ave,New York,NY,VIP,2023-08-30
C000494,Richard,Taylor,Richard Taylor,richard.taylor494@email.com,(829) 373-1590,5993 Oak Ave,San Diego,CA,VIP,2024-11-24
C000495,Mike,Rodriguez,Mike Rodriguez,mike.rodriguez495@email.com,(561) 885-7474,6742 Oak Ave,Fort Worth,TX,VIP,2025-02-23
C000496,Mike,Moore,Mike Moore,mike.moore496@email.com,(943) 772-6703,5793 Pine St,San Jose,CA,Premium,2023-08-23
C000497,Robert,Anderson,Robert Anderson,robert.anderson497@email.com,(788) 204-5277,2967 Elm Ave,Fort Worth,TX,VIP,2023-10-10
C000498,Mike,Taylor,Mike Taylor,mike.taylor498@email.com,(548) 319-9409,4322 Pine St,San Jose,CA,Basic,2024-04-13
C000499,Joseph,Thomas,Joseph Thomas,joseph.thomas499@email.com,(975) 547-8517,7648 Main St,San Diego,CA,Basic,2025-01-05
C000500,James,Williams,James Williams,james.williams500@email.com,(848) 425-4767,5272 Elm Ave,Fort Worth,TX,Standard,2023-11-23
